{"cameraMode":{"drawMode":0,"name":"Shaded","section":"Shading Mode"},"sceneLighting":true,"audioPlay":false,"sceneViewState":{"m_AlwaysRefresh":false,"showFog":true,"showSkybox":true,"showFlares":true,"showImageEffects":true,"showParticleSystems":true,"showVisualEffectGraphs":true,"m_FxEnabled":true},"in2DMode":false,"pivot":{"x":-18.339040756225587,"y":-13.802534103393555,"z":10.572340965270996},"rotation":{"x":0.17629800736904145,"y":-0.6942826509475708,"z":0.1816435307264328,"w":0.6737505793571472},"size":16.267105102539064,"orthographic":false}