{"cameraMode":{"drawMode":0,"name":"Shaded","section":"Shading Mode"},"sceneLighting":true,"audioPlay":false,"sceneViewState":{"m_AlwaysRefresh":false,"showFog":true,"showSkybox":true,"showFlares":true,"showImageEffects":true,"showParticleSystems":true,"showVisualEffectGraphs":true,"m_FxEnabled":true},"in2DMode":false,"pivot":{"x":10.392548561096192,"y":3.720236301422119,"z":-0.5408244132995606},"rotation":{"x":-0.3248654305934906,"y":0.38900914788246157,"z":-0.14883016049861909,"w":-0.8491155505180359},"size":1.5231642723083497,"orthographic":false}