{"cameraMode":{"drawMode":0,"name":"Shaded","section":"Shading Mode"},"sceneLighting":false,"audioPlay":false,"sceneViewState":{"m_AlwaysRefresh":false,"showFog":true,"showSkybox":false,"showFlares":true,"showImageEffects":true,"showParticleSystems":true,"showVisualEffectGraphs":true,"m_FxEnabled":true},"in2DMode":false,"pivot":{"x":6.428582191467285,"y":1.0217788219451905,"z":7.548360347747803},"rotation":{"x":-0.20590880513191224,"y":0.19719482958316804,"z":-0.04241831973195076,"w":-0.9575737714767456},"size":0.4364469647407532,"orthographic":false}