{"cameraMode":{"drawMode":0,"name":"Shaded","section":"Shading Mode"},"sceneLighting":false,"audioPlay":false,"sceneViewState":{"m_AlwaysRefresh":false,"showFog":true,"showSkybox":false,"showFlares":true,"showImageEffects":true,"showParticleSystems":true,"showVisualEffectGraphs":true,"m_FxEnabled":true},"in2DMode":false,"pivot":{"x":9.199999809265137,"y":1.5099999904632569,"z":1.1399999856948853},"rotation":{"x":-0.21374450623989106,"y":0.6898225545883179,"z":-0.22547142207622529,"w":-0.6539364457130432},"size":1.2247449159622193,"orthographic":false}